Age,Tenure_Months,Monthly_Spend_USD,Support_Calls,Satisfaction_Score,Churn
39,45,140.9,1,2,0
33,47,46.61,1,3,0
41,20,57.76,2,5,0
50,19,194.51,3,5,0
32,35,91.0,1,5,0
32,4,128.0,3,2,1
50,5,60.43,0,2,0
42,1,123.76,0,3,1
30,4,91.24,3,4,1
40,12,57.48,0,3,0
30,27,173.48,1,5,0
30,56,167.3,1,5,0
37,42,115.71,1,1,0
18,23,159.98,3,3,0
18,25,196.13,1,5,0
29,21,150.16,2,5,0
24,58,139.19,0,4,0
38,52,127.96,2,1,0
25,24,145.98,1,3,0
20,25,105.44,0,2,0
49,45,108.93,1,3,0
32,55,138.04,2,3,0
35,46,101.05,1,4,0
20,32,105.37,1,3,0
29,55,120.01,1,4,0
36,32,166.02,2,4,0
23,5,74.69,2,5,0
38,36,150.37,0,2,0
28,46,151.67,1,4,0
32,42,151.43,1,1,1
28,49,87.73,1,1,1
53,42,52.29,2,2,0
34,58,142.39,1,4,0
24,39,127.5,2,2,0
43,16,160.18,1,5,0
22,33,91.98,1,1,1
37,49,150.4,3,3,0
18,21,162.18,1,1,0
21,9,116.19,0,4,0
36,6,136.68,3,2,1
42,51,135.28,1,1,0
36,45,87.14,1,3,1
33,35,141.24,2,3,0
31,39,184.9,1,2,0
20,22,120.89,2,2,1
27,41,61.56,2,1,1
30,54,92.51,0,4,0
45,5,48.82,1,5,0
38,42,171.61,1,3,0
18,23,150.56,0,2,1
38,17,99.95,0,5,0
31,12,63.28,2,5,1
28,23,86.67,0,5,0
41,16,94.47,2,4,0
45,3,124.38,0,2,1
44,30,123.03,0,3,0
26,57,173.66,0,2,0
31,22,92.29,0,1,1
38,9,59.67,1,3,1
44,29,73.72,1,2,0
30,47,119.08,3,3,0
33,37,90.85,1,1,0
23,23,108.32,4,3,1
23,13,101.84,1,5,0
43,32,159.61,0,4,0
48,46,96.52,1,1,1
34,52,104.91,1,3,0
45,47,148.69,2,1,1
38,48,97.4,2,5,0
28,23,136.93,1,4,1
38,45,133.26,3,1,0
50,17,125.67,1,5,0
34,55,74.62,0,5,0
50,40,169.19,1,5,0
18,21,208.83,2,3,1
43,2,120.35,1,2,1
35,37,78.15,1,1,1
32,6,121.16,0,2,1
35,44,159.59,0,5,0
18,18,95.39,0,2,0
32,30,114.84,0,5,0
38,22,133.63,1,5,0
49,54,168.12,1,4,0
29,33,151.02,1,4,0
26,30,152.67,0,2,0
29,17,102.95,1,1,1
44,43,136.08,4,2,1
38,32,91.12,2,1,0
29,42,153.82,0,2,1
40,51,166.05,2,3,0
35,14,142.13,0,3,0
44,58,105.3,1,1,0
27,10,111.85,1,4,0
31,47,192.26,1,1,1
31,51,105.97,2,2,1
20,36,162.0,3,5,0
37,34,133.56,2,3,1
37,9,106.63,0,5,0
35,42,66.21,1,3,0
32,28,128.46,0,2,0
20,11,123.64,1,3,0
30,14,192.26,2,1,1
31,39,85.59,2,5,0
26,55,211.79,0,5,0
33,47,135.15,0,2,0
39,54,135.11,1,5,0
53,19,96.28,0,2,0
36,54,132.59,0,4,0
37,15,138.92,2,1,1
34,28,157.49,0,3,0
18,24,80.87,0,3,1
34,8,176.27,2,3,1
35,43,134.46,2,4,0
59,9,144.33,3,1,1
33,47,111.16,1,5,0
38,33,82.87,2,5,0
34,33,122.91,1,1,1
23,19,127.49,2,1,1
46,3,64.58,1,3,0
42,10,151.73,3,5,0
42,40,159.86,1,1,0
25,47,90.81,1,5,0
49,42,79.1,4,1,1
20,1,107.88,0,2,0
40,29,120.96,2,3,0
56,50,109.43,2,1,1
25,34,117.56,1,4,0
29,51,128.86,4,1,1
35,13,65.27,2,2,1
29,54,69.87,4,4,0
19,1,20.0,0,4,0
35,34,157.7,1,1,1
24,29,120.61,3,2,0
39,48,161.91,3,4,0
25,47,74.49,1,3,0
50,13,120.98,0,3,0
27,48,128.59,1,5,0
31,49,97.53,2,5,0
43,53,57.86,2,2,1
22,29,189.83,2,4,0
37,39,175.97,1,3,0
48,24,104.72,1,3,0
18,26,140.41,3,2,1
36,17,100.61,3,4,1
37,7,80.18,2,2,0
42,13,193.09,3,1,1
22,5,53.79,2,3,1
21,26,108.58,2,2,1
40,49,123.37,1,2,0
37,3,186.05,0,1,1
37,7,155.86,1,5,0
38,58,53.11,2,3,0
28,49,119.89,3,2,0
37,39,120.84,2,3,1
37,53,110.87,1,5,0
27,1,144.79,1,2,1
53,49,63.64,0,1,0
39,17,103.65,0,3,0
23,43,139.15,3,1,1
41,25,147.18,1,5,0
25,59,125.98,2,5,0
42,3,108.46,2,3,0
46,15,115.2,1,5,0
26,29,149.62,1,4,0
44,53,121.36,2,3,0
39,43,78.33,2,4,0
43,32,70.66,1,5,1
53,26,60.41,2,3,1
32,16,178.22,1,4,0
27,25,152.3,0,5,0
26,54,115.74,0,2,0
26,28,101.85,0,2,1
34,9,97.04,4,1,1
38,56,163.73,3,2,1
37,56,196.18,3,4,0
43,1,95.78,0,2,0
35,29,165.54,2,3,1
49,57,121.12,2,3,0
32,22,111.5,2,3,0
62,16,180.17,3,2,1
41,41,119.59,2,2,0
26,51,131.85,1,1,0
24,44,129.93,1,5,0
39,51,54.98,0,1,1
32,54,131.54,1,4,0
42,41,97.49,1,3,0
39,7,63.15,1,2,1
34,14,99.31,0,5,0
26,29,98.98,0,5,0
19,19,161.2,2,2,1
30,19,77.45,3,1,1
43,2,88.41,1,5,1
37,41,129.42,2,1,1
22,45,66.97,1,2,0
36,15,93.64,2,1,1
38,3,53.42,1,3,0
26,11,156.8,2,2,1
36,53,107.95,1,2,1
35,46,119.36,1,5,0
23,30,156.64,2,5,0
38,57,91.11,2,5,0
40,40,107.52,2,3,0
45,18,77.75,1,3,0
45,51,77.66,1,4,0
21,48,83.18,0,2,1
25,2,100.3,2,5,0
40,32,104.61,3,2,1
40,8,131.55,1,1,1
40,22,84.35,1,3,0
70,6,132.79,0,4,1
40,12,139.4,0,1,0
46,47,101.29,0,2,0
44,57,87.81,0,3,0
41,40,123.4,0,5,0
31,36,111.88,2,1,1
42,15,128.81,2,3,0
27,28,182.79,2,2,1
32,52,122.75,1,2,0
30,57,94.43,1,1,1
35,49,84.36,1,1,1
58,45,85.91,1,1,0
18,18,61.49,0,4,0
41,2,157.31,2,5,0
18,13,30.67,1,3,1
30,45,139.52,0,2,0
45,54,85.28,0,2,0
35,15,99.5,1,5,0
24,20,84.08,0,1,1
27,29,177.83,1,1,1
41,59,120.65,1,2,0
27,42,151.62,2,5,0
37,29,172.02,1,2,1
35,3,126.54,1,1,1
28,19,72.18,0,3,0
56,3,111.17,2,1,1
41,54,90.31,1,3,0
18,14,99.86,2,4,0
36,40,116.22,2,5,0
28,59,114.63,0,4,0
43,55,136.48,3,1,0
27,4,142.29,0,5,0
33,59,114.63,2,1,0
40,52,136.14,1,5,0
43,11,98.03,1,5,0
22,58,172.59,5,1,1
31,31,97.38,2,1,0
30,43,167.89,2,5,0
28,32,60.96,1,5,0
52,27,104.78,0,1,1
39,30,106.76,1,1,1
22,43,131.16,1,2,1
44,2,154.47,2,2,1
56,49,70.02,2,2,1
45,9,75.68,0,4,0
19,28,63.92,3,5,0
30,31,172.81,1,3,0
47,34,131.9,0,4,0
27,56,76.63,3,5,0
39,15,102.28,2,3,1
42,48,167.27,0,2,0
25,25,108.88,0,3,0
34,36,106.51,3,1,1
18,8,88.75,0,1,0
24,9,79.0,4,5,0
32,58,167.33,2,4,0
22,58,186.96,1,2,0
51,37,80.59,0,5,0
20,48,176.2,0,2,0
30,45,100.5,0,1,1
36,39,141.35,1,4,0
49,32,176.41,2,4,0
20,58,114.2,0,1,0
46,52,106.88,2,3,0
35,17,152.04,4,4,0
25,35,75.6,1,3,0
39,37,165.88,1,2,1
36,19,125.71,1,4,0
28,44,96.89,4,1,1
35,29,95.83,3,3,1
31,59,64.66,2,2,0
36,7,98.55,3,2,1
41,28,109.44,4,4,1
50,9,77.55,3,4,0
22,28,118.18,2,5,0
56,6,138.92,1,5,0
18,29,111.46,1,4,0
33,58,146.51,0,5,0
40,17,87.71,1,1,0
37,16,160.14,1,1,1
28,23,124.87,2,5,0
32,31,181.81,2,4,0
30,3,216.57,0,1,1
29,21,101.19,1,2,1
43,26,102.84,2,4,0
38,36,110.15,0,3,0
28,42,143.83,1,3,0
43,37,173.04,1,4,0
38,53,93.89,0,5,0
43,22,135.25,2,1,1
41,42,114.56,2,1,0
26,12,144.72,1,4,0
29,42,180.38,1,2,0
42,13,110.39,5,5,1
41,11,53.21,4,2,1
34,54,149.76,2,4,1
36,16,86.69,0,4,0
47,8,114.28,1,2,0
29,40,151.48,1,3,0
40,59,131.9,2,4,0
32,57,115.93,0,5,0
32,40,96.96,0,2,0
45,45,20.0,3,3,0
43,59,147.93,1,2,0
43,2,109.88,1,3,0
48,30,180.53,0,3,0
35,30,135.92,1,5,0
41,12,98.35,2,4,0
31,10,162.67,0,3,0
38,44,166.05,1,4,0
33,11,111.24,2,5,0
35,15,167.75,1,4,0
40,16,97.79,2,1,1
26,17,126.39,0,3,0
55,26,142.86,2,5,0
24,2,151.39,3,2,1
22,50,144.86,2,5,0
46,12,106.69,3,3,1
42,51,163.75,3,5,0
41,26,115.02,3,2,1
41,23,97.24,2,1,1
34,18,97.83,1,3,0
26,32,197.6,0,3,0
35,49,90.32,0,5,0
28,38,171.67,1,4,0
44,57,74.58,0,4,0
33,47,139.52,2,2,1
26,3,131.88,3,1,1
31,38,184.85,2,1,1
39,3,93.82,2,5,0
29,30,82.77,1,5,0
26,1,115.34,0,4,0
37,30,186.59,1,1,1
37,45,84.63,2,1,1
29,32,20.0,3,1,1
30,28,122.39,1,2,1
37,21,157.98,1,2,1
20,58,79.45,1,5,0
20,46,153.92,1,4,0
27,13,78.56,2,3,1
32,27,114.14,0,4,0
38,36,150.11,3,2,0
49,7,72.5,2,2,1
43,22,127.26,2,5,0
33,10,168.6,1,3,1
34,39,138.96,2,1,1
24,53,91.17,3,3,0
34,15,180.75,1,3,0
32,15,146.34,3,3,1
38,4,45.58,0,5,0
26,32,154.57,3,2,1
40,23,97.15,3,1,1
50,55,127.86,2,3,0
33,6,160.32,1,1,0
39,24,98.02,1,3,0
41,20,54.18,2,2,1
30,58,180.22,1,1,0
37,37,166.58,3,4,1
35,20,116.51,4,2,1
35,12,154.14,3,1,1
27,33,105.22,1,3,0
35,28,123.88,1,3,1
39,8,114.23,1,2,1
49,1,106.84,1,2,1
44,37,134.37,1,3,0
56,22,71.67,1,1,1
27,6,109.94,1,4,0
43,21,132.58,1,5,0
36,32,193.52,4,2,1
56,35,73.3,0,3,0
26,15,140.82,3,1,1
26,5,145.21,1,2,1
29,56,44.93,2,1,0
18,46,136.42,2,2,1
29,50,155.21,1,3,0
27,48,143.55,1,1,1
36,6,116.64,3,3,1
38,25,133.33,1,1,0
53,56,126.79,1,2,0
44,46,52.42,1,5,0
29,59,127.73,0,5,0
26,56,105.32,0,4,0
39,40,91.81,1,4,0
21,29,219.4,2,3,1
53,7,170.1,1,1,0
46,40,73.99,2,4,0
30,13,133.87,1,2,1
18,38,178.32,0,5,0
48,18,60.15,1,1,1
33,2,123.08,3,5,0
47,8,124.96,2,1,1
19,11,69.02,1,4,0
29,33,135.18,2,4,1
35,54,164.65,0,3,0
35,38,180.32,1,1,1
30,48,110.03,0,2,0
41,27,220.07,1,4,0
24,20,37.68,1,3,1
33,12,134.25,2,4,0
36,43,63.51,0,5,0
40,31,123.61,2,4,0
42,27,99.12,0,1,1
23,32,140.28,2,3,0
19,10,114.92,1,1,1
47,3,86.96,1,2,0
38,45,89.59,1,2,0
27,27,197.3,1,4,0
50,35,137.74,0,3,0
36,31,51.91,1,3,0
46,15,142.03,2,3,1
35,16,112.21,0,3,0
55,13,120.18,1,4,0
52,49,152.8,1,1,1
32,35,167.33,1,4,0
44,52,85.65,0,1,0
41,11,118.81,0,5,0
48,59,98.16,0,5,0
25,21,143.87,2,1,1
41,51,110.71,0,4,0
45,54,121.17,3,2,1
18,11,109.19,3,4,1
23,30,115.76,1,2,0
18,48,188.19,1,4,0
32,53,215.63,2,3,1
42,35,135.08,2,3,1
50,22,116.0,3,5,0
35,38,56.17,3,5,0
51,31,89.58,2,1,1
21,14,114.93,3,2,1
18,24,91.4,0,3,0
34,50,95.6,1,4,0
38,49,183.02,0,1,0
34,32,121.15,1,4,0
18,36,124.73,1,3,0
34,32,93.03,2,3,0
21,55,167.1,0,3,0
41,15,111.5,2,3,0
38,43,99.17,1,4,0
25,58,56.77,2,1,1
29,35,117.56,0,3,0
24,3,97.92,0,5,0
34,16,187.38,0,1,1
44,5,193.76,1,5,0
25,21,70.59,1,4,0
40,10,75.11,2,3,0
29,19,108.95,1,1,1
27,25,87.36,1,3,0
33,4,128.7,3,3,1
24,29,106.94,2,1,0
29,19,131.22,1,3,0
23,43,160.64,1,3,0
54,2,77.43,2,2,0
35,10,159.81,0,2,0
28,43,90.85,2,1,1
37,25,205.94,1,1,0
33,20,184.84,2,3,0
32,48,115.48,2,5,0
41,19,81.46,1,1,1
42,23,73.81,2,3,0
29,24,154.95,0,5,0
29,11,118.78,2,2,0
32,46,157.07,0,1,0
18,34,208.17,1,3,1
19,55,89.18,2,2,0
48,28,70.79,4,4,0
51,5,127.7,1,2,0
32,59,165.79,0,3,0
40,5,82.38,0,5,0
38,51,121.38,2,4,0
65,21,174.8,3,4,0
46,12,54.68,1,4,0
33,50,129.41,0,1,0
25,4,98.4,1,3,1
18,54,124.97,0,4,0
37,49,148.39,2,2,1
27,42,128.83,1,5,0
20,20,79.59,1,3,0
28,38,99.95,2,2,0
24,25,177.06,1,1,1
51,14,133.16,3,4,1
43,11,153.61,2,2,1
34,32,130.01,1,3,0
49,11,152.36,3,2,1
35,18,104.15,0,1,1
26,27,89.3,2,5,0
50,55,150.55,2,4,1
40,54,165.09,0,3,0
24,18,83.43,0,4,0
33,56,96.96,2,4,0
26,23,113.47,3,4,0
21,11,184.79,2,2,1
44,21,142.53,2,2,1
54,44,67.04,0,5,0
21,5,116.28,1,1,0
40,23,110.16,1,3,1
28,41,73.07,0,2,1
30,59,115.81,1,4,0
29,25,108.4,0,1,1
26,41,105.53,2,3,0
35,54,103.7,2,3,0
26,10,178.86,2,3,1
37,22,105.45,0,3,0
34,19,121.99,2,5,1
32,1,117.65,1,3,0
25,7,99.8,0,1,1
29,4,123.18,1,2,1
42,1,122.61,0,1,0
40,15,123.19,4,4,1
25,40,85.63,3,5,0
35,12,111.76,5,5,1
42,22,150.41,0,4,1
18,22,112.81,2,1,1
40,50,126.47,2,1,1
28,47,126.68,0,4,0
40,17,136.7,2,3,1
27,29,142.35,2,3,1
18,46,113.03,0,2,0
18,14,83.55,2,1,1
35,50,71.25,0,1,0
37,20,160.71,3,4,1
25,50,150.81,2,4,0
41,48,145.97,1,3,0
18,33,152.45,3,1,1
34,55,113.54,2,1,1
22,59,95.0,1,5,0
28,43,80.78,1,2,0
35,15,76.43,1,2,1
26,12,168.49,1,3,1
31,40,100.27,3,1,1
45,54,162.19,2,5,0
29,20,112.52,2,1,1
43,30,92.95,2,4,0
23,38,76.23,0,3,0
40,3,96.47,1,2,1
49,28,176.73,0,1,0
18,56,76.63,2,3,1
27,26,204.67,2,2,1
40,30,86.38,3,1,1
32,13,150.0,0,5,0
38,13,114.19,3,3,1
28,2,107.18,1,1,1
35,37,69.14,0,2,0
33,49,116.06,1,2,0
46,38,73.67,1,5,0
37,2,52.74,0,3,0
38,36,124.78,1,3,1
30,54,94.58,4,1,1
30,26,187.37,1,2,1
30,11,160.0,1,2,1
38,8,187.9,2,5,0
30,44,92.76,1,5,0
37,40,125.45,0,3,0
55,43,20.0,1,2,0
43,22,108.73,0,1,1
31,20,123.94,1,4,0
47,8,126.16,1,1,0
30,29,118.31,2,5,0
18,40,122.66,1,1,0
24,26,20.0,1,2,0
18,30,130.25,2,3,1
31,17,139.34,2,4,0
35,20,173.52,2,3,1
51,52,134.75,2,4,0
38,55,114.77,0,4,0
32,16,164.2,2,2,1
43,46,25.71,1,2,1
18,43,99.4,2,5,0
37,7,89.37,3,5,0
42,16,118.62,1,4,0
20,45,32.05,2,5,0
46,59,172.79,0,2,0
38,47,110.01,0,5,0
30,56,132.75,4,4,0
41,48,128.92,1,3,0
57,27,170.5,1,1,0
36,53,45.52,0,5,0
37,23,124.49,3,2,1
30,24,165.85,2,3,0
26,9,116.08,2,2,1
43,35,81.95,1,5,0
26,51,95.84,2,4,0
35,20,104.28,0,1,1
30,37,91.16,2,1,1
39,42,113.89,2,3,0
38,17,180.33,2,1,1
45,47,96.11,2,4,0
29,31,100.49,2,2,0
32,55,138.39,2,4,0
25,57,113.01,0,3,0
30,8,66.83,1,3,0
38,15,117.55,1,1,1
42,31,116.04,3,4,0
25,53,159.03,1,2,0
43,30,81.11,5,4,1
48,46,159.29,3,2,1
39,20,116.09,3,2,1
53,39,75.68,2,4,0
27,53,67.65,1,5,0
22,55,197.38,3,4,0
18,12,113.6,2,2,1
49,49,157.46,0,3,0
41,17,51.68,3,3,0
34,42,225.51,1,1,1
37,30,155.73,1,3,0
23,29,109.78,2,5,0
59,19,107.75,1,2,0
36,46,149.38,0,4,0
36,11,147.09,3,4,0
42,34,127.3,3,5,0
39,50,120.44,3,3,0
37,7,142.44,1,2,1
27,44,50.33,2,3,0
39,58,105.15,0,1,0
53,34,54.13,1,3,0
48,59,144.18,1,1,0
50,20,92.97,1,4,0
29,50,57.14,1,2,0
25,38,88.25,0,1,0
33,24,125.97,4,3,1
35,10,111.79,3,3,0
45,32,73.07,3,4,1
18,52,51.81,5,5,0
50,15,122.96,3,5,0
33,37,96.77,3,3,1
30,20,109.68,2,5,0
24,3,113.61,1,2,1
18,37,137.2,1,5,0
43,57,153.88,2,2,0
35,40,125.86,0,3,0
22,8,107.18,2,3,1
22,40,120.99,4,3,0
31,44,106.43,2,4,0
51,56,54.3,3,5,0
32,23,163.68,0,1,0
19,40,156.14,0,1,1
32,11,199.53,2,3,0
32,46,211.22,3,5,0
18,8,72.96,2,2,1
34,29,106.58,0,1,0
32,30,220.46,1,3,0
41,56,118.38,1,1,0
53,10,129.77,2,1,1
46,39,59.15,1,1,0
32,28,126.01,1,3,0
23,49,197.28,2,3,0
60,36,171.47,2,4,1
35,13,95.6,1,4,0
35,32,104.15,0,4,0
34,36,74.76,1,1,1
36,37,85.95,2,5,0
33,26,43.59,2,3,1
29,22,116.61,1,4,0
29,4,180.4,0,5,0
34,31,134.22,3,4,1
29,18,174.65,4,4,0
27,38,162.93,0,5,0
36,24,98.13,2,4,0
32,56,89.62,6,1,1
50,23,91.15,1,1,1
18,22,51.32,3,1,1
45,2,121.29,1,2,1
47,31,20.0,0,4,0
18,55,143.66,1,2,0
31,11,122.88,2,3,0
31,28,138.86,1,5,0
20,46,162.28,2,3,0
27,32,127.95,1,2,1
23,5,185.26,3,1,1
52,38,144.88,2,4,0
44,10,89.71,2,4,1
47,40,110.49,3,1,1
42,46,29.55,0,4,0
23,24,83.91,2,5,0
29,35,104.76,2,5,0
39,44,141.85,2,5,1
22,48,89.99,5,3,1
42,23,70.15,2,1,0
32,17,44.5,0,5,0
31,1,96.14,2,2,1
42,55,198.03,4,5,0
39,31,130.84,0,3,0
31,31,157.58,1,2,1
46,42,84.0,3,1,1
24,57,57.06,1,1,1
41,55,71.16,0,5,0
40,42,116.11,1,2,0
31,53,40.23,1,2,1
38,56,79.74,2,5,0
22,34,96.55,0,5,0
44,9,67.16,1,4,0
33,22,35.05,1,4,0
29,13,131.59,2,5,0
45,25,121.83,4,3,0
27,48,151.16,2,4,0
20,18,75.58,0,5,0
19,51,150.4,2,2,1
41,12,181.17,1,4,0
22,40,130.49,1,3,1
52,17,95.6,0,1,0
18,15,125.8,1,2,0
51,42,93.69,1,3,0
37,15,87.03,1,3,0
34,15,147.33,2,3,0
29,55,114.44,1,2,0
38,39,168.2,1,3,0
34,13,102.3,3,1,1
46,17,106.35,2,4,0
36,32,97.34,1,2,1
36,9,75.19,4,3,1
31,40,152.58,1,5,0
34,20,207.43,1,4,0
38,26,104.71,1,2,0
18,27,92.78,0,5,0
21,21,90.19,1,5,0
42,18,92.81,0,3,0
36,13,185.99,1,2,1
33,16,91.26,1,3,1
35,9,96.59,3,1,1
38,12,70.39,2,5,0
29,44,131.75,0,1,0
27,38,117.31,1,3,0
36,19,74.51,2,4,1
25,7,84.29,2,5,0
39,57,181.32,6,4,1
18,35,121.31,1,2,0
45,48,124.07,2,5,0
39,18,124.23,4,1,1
37,16,175.79,0,4,0
44,55,78.19,0,2,0
51,39,104.14,1,5,0
45,4,113.24,3,2,1
18,59,51.15,0,1,0
22,25,83.35,0,5,0
28,32,161.87,1,2,0
35,40,150.41,0,3,0
40,13,157.48,1,5,0
27,45,96.44,2,5,0
36,17,101.37,2,5,0
27,49,48.48,2,5,0
28,37,157.28,2,3,1
20,6,163.87,0,1,1
25,19,163.36,1,3,0
21,13,184.16,0,3,0
25,57,136.88,2,2,1
45,26,182.28,2,4,1
25,14,111.98,2,4,1
61,31,49.32,1,2,1
39,54,154.43,3,3,0
36,4,47.84,2,2,0
26,39,126.81,2,5,0
42,8,158.21,3,2,1
29,25,132.97,2,2,1
36,13,211.13,0,5,0
60,32,41.36,1,4,0
34,59,116.69,1,5,0
46,38,120.7,1,1,0
27,38,66.24,0,2,0
34,56,73.85,0,2,0
52,28,86.19,0,4,0
28,53,76.01,2,3,0
53,30,115.68,5,5,1
42,3,95.88,2,3,1
29,28,132.72,1,1,0
41,3,145.98,2,5,0
44,45,143.27,1,1,1
41,54,103.59,3,1,1
19,34,131.38,0,1,1
27,16,161.41,0,5,0
32,22,137.82,0,5,0
34,32,194.36,1,4,0
41,38,159.29,2,2,0
36,8,188.74,0,3,1
21,55,20.31,1,3,0
38,8,123.87,0,1,1
41,57,107.04,0,5,0
40,6,115.0,2,5,0
45,14,87.8,1,1,1
43,32,135.85,2,2,1
39,35,47.67,2,3,0
34,10,136.14,1,4,0
18,3,89.13,1,2,0
39,59,99.98,1,5,0
37,12,137.54,1,1,1
37,49,123.15,0,3,0
22,59,162.16,3,1,1
24,31,81.22,0,5,0
45,29,116.77,2,1,1
34,5,155.55,1,3,0
41,52,134.45,5,1,1
35,25,137.02,1,3,0
35,41,164.32,2,1,1
44,31,103.75,1,1,0
29,21,95.33,1,3,0
35,58,143.04,1,1,0
30,20,114.02,1,2,1
30,39,164.89,1,4,0
31,22,134.79,0,2,0
37,4,95.07,1,4,0
30,13,133.54,1,2,0
47,45,83.89,2,4,0
26,42,157.88,0,1,1
33,50,64.11,2,3,1
30,49,168.88,2,3,1
49,20,132.84,1,5,0
36,52,113.42,1,4,0
45,13,150.53,3,5,0
20,17,140.45,3,5,0
37,54,173.22,1,4,0
43,36,172.84,2,3,1
35,33,134.09,0,4,0
45,1,85.13,3,1,1
29,15,98.34,1,5,0
49,13,117.13,2,5,0
57,17,163.27,0,4,0
31,24,101.74,1,5,0
30,58,105.08,1,3,0
49,8,193.93,2,5,0
50,50,115.83,1,4,0
29,27,94.61,1,3,0
30,45,151.07,3,3,0
32,23,117.75,2,5,0
21,46,64.42,1,4,0
25,8,161.64,3,5,0
24,8,90.12,2,1,1
27,59,121.74,0,1,0
34,26,117.27,0,3,0
37,47,129.2,1,5,0
50,59,32.36,1,1,1
25,13,106.6,1,2,1
44,39,164.99,1,1,1
32,37,170.62,1,5,0
34,49,80.35,1,5,0
41,28,156.82,3,1,1
23,25,89.54,1,5,0
38,16,105.02,2,5,0
36,55,107.12,0,2,0
39,2,124.35,0,3,1
37,54,160.05,0,5,0
59,18,130.58,3,4,0
28,17,114.95,2,3,1
29,30,158.69,1,3,0
28,39,87.89,0,4,0
29,13,116.91,0,1,0
28,32,159.83,2,2,1
46,50,141.17,2,5,0
49,29,101.35,0,1,1
29,46,59.48,2,4,0
26,30,132.43,2,2,0
39,18,56.85,1,2,1
29,13,111.5,1,2,0
41,43,167.16,2,4,0
37,21,143.87,3,1,1
19,30,39.05,3,5,0
50,21,128.02,2,2,0
52,48,107.23,2,2,0
28,55,69.05,2,1,0
31,17,133.4,2,2,0
37,40,100.33,4,2,1
38,19,100.58,0,4,0
41,52,124.96,1,3,0
55,15,94.96,1,1,1
33,9,123.83,0,1,1
27,52,96.27,1,1,1
21,10,98.46,3,4,1
27,44,159.72,2,4,0
34,31,163.79,0,5,0
52,53,51.65,3,4,0
29,23,149.88,3,1,1
37,52,175.94,1,5,0
34,30,182.3,4,3,0
46,33,140.82,1,2,0
60,57,77.7,3,2,0
29,52,145.2,2,5,0
30,9,85.23,3,3,1
45,54,106.28,1,2,0
41,47,135.32,1,5,0
53,1,87.81,0,4,0
40,44,74.14,1,1,0
31,35,138.63,4,3,1
40,11,194.69,1,2,0
46,34,169.73,2,1,1
43,16,148.29,2,5,0
40,9,159.17,1,2,1
45,32,145.51,3,1,1
46,15,138.0,1,4,1
48,12,155.94,0,3,0
41,33,65.27,5,5,1
33,45,127.98,1,2,1
36,14,116.76,1,4,0
47,57,123.16,1,3,0
26,57,101.55,1,3,0
38,8,140.82,1,4,0
31,8,87.28,0,2,1
35,27,98.65,2,3,1
47,12,93.84,2,5,1
36,1,154.56,1,1,1
35,43,119.53,3,5,0
21,40,101.57,1,3,0
42,42,105.06,0,1,0
41,51,120.16,3,4,0
56,11,184.89,3,1,1
31,39,70.54,0,1,0
37,43,147.02,1,1,1
37,31,138.87,2,3,0
50,17,84.68,1,2,1
34,33,178.67,0,3,0
37,32,141.57,0,2,0
41,58,99.69,2,4,0
36,29,45.62,3,4,0
30,21,129.17,0,4,0
36,21,118.21,0,4,0
45,40,78.77,1,4,0
24,23,78.26,3,5,0
36,56,154.74,0,3,0
27,6,41.77,5,2,1
46,22,132.57,1,4,0
19,50,112.5,1,5,0
29,38,139.89,3,5,0
38,37,108.23,1,5,0
50,45,131.73,0,3,0
34,51,90.29,1,4,0
29,54,118.03,1,5,0
53,8,139.56,1,5,0
20,41,126.03,2,4,0
18,49,135.21,1,3,0
39,35,82.88,0,5,0
29,51,96.37,2,2,0
24,11,97.07,1,1,1
42,24,108.94,2,1,1
37,49,174.34,2,1,1
29,21,105.83,1,3,0
22,51,74.26,1,5,0
43,2,141.67,0,1,1
41,40,173.87,2,1,1
34,19,69.55,1,4,0
53,39,198.91,4,5,0
24,28,136.61,1,5,0
19,59,161.36,3,4,0
28,17,178.68,1,5,0
34,6,158.9,2,2,1
37,19,115.58,2,3,1
32,56,168.71,4,4,0
38,38,130.18,1,1,1
22,28,163.62,0,5,0
49,2,168.0,3,2,1
34,38,76.36,6,2,1
46,55,151.77,1,3,0
38,37,112.72,0,2,0
39,51,125.53,1,5,0
40,52,125.08,1,5,0
39,4,123.48,0,2,1
41,22,180.94,1,5,0
48,26,65.34,1,5,0
36,49,51.11,4,1,1
42,43,42.67,4,4,1
34,36,162.77,2,5,0
49,58,89.06,0,5,0
28,13,125.29,1,3,0
53,52,115.41,1,4,0
34,58,84.54,2,4,0
20,32,154.06,0,4,0
36,17,114.9,5,2,1
28,41,110.49,2,1,1
43,36,129.31,2,1,1
28,55,148.83,1,3,0
30,46,81.64,1,4,0
18,19,154.92,0,4,0
30,58,177.99,3,5,1
18,35,62.96,4,2,1
19,46,131.13,2,2,0
42,40,107.8,1,3,0
42,56,147.97,3,1,1
39,59,71.33,1,4,0
25,28,185.16,2,3,0
34,1,55.68,1,2,1
34,42,110.23,0,2,0
23,18,137.37,0,2,1
50,48,92.55,3,4,1
43,40,86.26,2,4,0
32,33,128.89,0,4,0
35,12,123.11,3,5,1
37,8,120.24,1,1,1
18,24,154.35,1,2,1
32,16,104.22,1,2,1
28,50,132.78,1,5,0
24,4,99.74,2,2,1
32,38,86.03,0,2,0
52,44,108.61,0,4,0
41,27,100.05,1,4,0
29,9,102.05,1,1,0
40,47,166.61,1,2,0
48,16,109.84,1,3,0
44,56,93.48,3,2,1
35,12,121.12,2,2,1
28,31,124.17,2,1,1
41,24,72.52,0,3,0
38,55,108.06,0,2,0
43,14,106.45,2,3,1
41,45,113.11,0,4,0
45,25,149.02,2,4,0
29,34,125.47,3,3,1
48,3,169.12,3,2,1
36,58,119.53,1,3,0
55,24,191.04,2,3,0
28,54,101.57,1,4,0
52,42,89.22,3,3,0
36,9,141.89,2,5,0
28,26,174.56,1,5,0
30,20,64.85,2,4,0
31,40,112.12,0,2,0
39,10,95.57,1,2,1
40,19,125.71,0,4,0
29,3,120.4,0,2,0
34,24,173.82,2,1,1
56,5,115.66,3,5,0
52,3,174.99,2,1,1
39,58,107.4,2,1,0
35,27,157.06,0,1,0
36,16,129.15,1,4,0
41,49,189.2,0,1,0
24,15,60.92,1,3,0
32,35,73.45,3,2,1
18,12,193.26,1,4,0
38,41,90.67,0,3,0
41,53,93.21,1,3,0
30,44,84.97,0,5,0
50,26,165.94,0,5,0
22,47,69.86,1,3,0
20,34,120.9,0,5,0
37,23,109.38,2,2,1
45,31,161.46,0,2,0
51,50,97.45,4,5,0
30,20,136.61,1,1,1
45,12,73.15,3,3,1
34,23,210.96,0,2,0
33,4,110.42,3,5,0
43,23,120.35,1,5,0
41,48,186.19,2,2,0
19,55,96.53,3,2,1
49,48,186.7,2,1,0
48,1,103.54,0,5,0
28,54,146.87,1,5,0
38,25,97.09,2,4,1
39,2,65.76,2,1,1
37,30,136.58,1,2,0
29,3,145.6,0,2,1
28,58,67.36,2,3,0
34,21,107.72,3,2,1
46,25,168.03,5,5,1
40,20,144.0,1,2,0
31,49,104.19,1,5,0
42,52,96.1,1,5,0
18,22,197.93,1,1,1
46,21,62.12,4,2,1
18,33,117.63,1,1,1
31,52,61.41,3,5,0
23,38,172.59,0,2,1
22,15,119.72,1,2,0
46,58,127.13,1,1,0
30,58,230.76,1,1,0
38,46,96.26,1,5,0
34,52,189.94,3,5,0
39,15,104.37,0,2,0
35,46,110.66,3,2,1
22,25,225.53,2,4,0
44,21,113.56,1,4,0
30,24,65.03,3,3,0
19,57,131.28,1,5,0
30,58,113.09,2,3,0
50,5,134.68,1,3,1
43,6,114.66,0,1,1
31,49,208.62,1,1,1
31,43,142.27,1,4,0
31,48,77.0,0,3,0
55,44,124.98,1,4,0
38,47,88.01,1,5,0
39,23,110.09,3,2,1
45,4,83.58,1,1,1
37,27,204.28,1,5,0
32,18,92.34,1,5,0
33,21,147.5,1,1,0
34,28,107.06,1,1,1
34,35,73.66,3,3,1
42,22,127.91,3,4,0
35,40,136.03,1,5,0
42,23,142.35,2,3,0
34,3,20.0,2,3,0
35,40,70.61,5,5,1
18,50,158.3,2,5,0
44,10,83.06,2,2,1
38,25,128.12,2,4,0
44,52,69.68,2,5,0
18,49,149.26,4,1,1
55,8,157.25,1,2,1
33,55,149.28,1,4,0
46,11,161.3,0,1,1
24,5,182.56,6,1,1
41,58,73.04,0,4,0
24,45,88.45,3,2,1
28,53,155.9,1,1,1
54,55,165.21,1,3,1
33,37,93.03,0,4,0
37,56,90.24,1,4,0
43,59,93.91,1,5,0
39,45,55.8,1,2,0
36,38,69.14,2,3,1
38,29,70.11,3,3,1
59,5,108.24,0,5,0
34,9,130.83,2,1,1
37,59,137.34,2,1,1
45,48,99.66,2,3,0
46,2,100.64,1,2,1
46,1,124.95,1,1,0
41,40,60.16,0,4,0
23,51,158.38,3,5,0
51,30,171.42,1,2,1
23,11,94.98,1,1,1
38,28,104.06,4,3,1
27,44,169.73,2,5,0
34,12,115.08,6,1,1
38,39,143.53,1,3,0
38,26,116.31,1,1,1
39,13,182.25,2,5,0
51,59,139.6,2,4,0
39,8,141.91,1,4,0
32,54,142.65,2,3,0
44,28,97.8,3,4,0
46,58,101.47,2,5,0
22,30,150.77,0,3,0
40,9,125.06,1,1,0
42,39,72.9,1,2,0
32,31,194.92,1,1,0
48,58,159.12,0,5,0
33,21,121.51,1,3,1
36,56,109.06,2,1,1
33,47,127.95,1,3,0
35,34,140.7,1,4,0
24,55,38.68,1,2,0
20,31,204.49,2,5,0
50,52,88.4,0,1,1
26,25,119.92,0,2,0
25,12,121.39,0,5,0
18,1,199.87,2,5,0
28,55,116.48,1,4,0
21,22,183.54,2,3,1
51,40,136.27,0,3,0
45,37,81.52,1,2,1
28,47,125.39,2,4,0
57,1,115.26,3,5,1
44,1,76.64,3,4,0
31,57,134.31,2,4,0
18,42,120.88,0,2,0
57,54,142.26,1,3,0
21,42,127.73,3,4,0
18,21,93.96,2,4,1
45,15,150.73,0,4,0
59,17,95.02,2,1,1
48,22,20.0,4,4,0
40,38,125.15,3,4,0
40,35,97.84,1,5,0
43,45,135.29,3,1,1
42,16,199.95,0,4,0
37,8,201.11,3,4,0
36,47,113.4,1,2,0
34,17,86.94,1,2,0
27,17,143.39,4,1,1
32,54,105.19,2,5,0
18,26,135.67,5,1,1
34,13,93.57,3,1,1
25,17,130.03,2,2,1
23,38,87.52,0,2,0
36,17,167.37,2,5,0
48,48,96.4,2,4,1
44,14,146.44,1,5,0
19,45,69.41,3,4,0
25,6,151.25,1,3,1
44,35,81.34,0,2,0
25,46,130.45,3,3,1
32,14,160.93,4,3,1
40,47,112.0,1,2,0
25,8,78.83,1,3,0
36,15,139.87,3,1,1
21,54,86.36,0,4,0
28,27,103.83,1,5,0
38,13,130.62,5,2,1
19,49,174.43,0,1,1
39,31,121.06,2,5,0
34,53,120.91,0,5,0
40,56,149.5,1,5,0
37,35,122.01,4,3,1
48,6,145.42,4,3,1
36,5,163.14,0,3,0
30,22,106.89,7,3,1
36,58,20.0,2,1,0
40,49,87.28,2,3,0
35,23,168.35,1,2,0
35,25,118.65,3,5,0
27,34,106.43,0,1,1
28,26,166.67,1,3,0
20,47,115.95,0,5,0
52,5,36.3,1,1,1
22,26,59.79,0,5,0
28,20,136.75,0,1,1
27,6,117.32,0,4,0
43,6,178.19,3,1,1
32,59,90.67,1,3,0
47,50,107.62,2,5,0
28,18,84.62,1,5,0
37,4,99.18,1,5,0
26,17,44.32,1,2,1
56,57,104.57,1,2,0
23,14,117.93,1,3,0
38,14,114.55,5,4,1
41,13,205.98,0,2,0
39,7,193.34,1,1,1
33,44,89.96,1,3,0
33,55,38.24,2,4,0
35,15,116.03,1,1,1
33,19,135.06,1,5,0
44,43,85.58,3,2,1
57,47,87.56,1,1,0
29,44,183.3,0,4,0
21,35,109.7,1,3,0
34,17,146.49,1,1,1
60,35,82.79,3,3,0
26,19,117.72,1,5,0
51,20,106.55,2,4,0
51,36,92.99,2,4,0
29,35,166.21,0,2,0
40,32,64.44,2,4,1
51,58,132.0,0,1,0
31,48,105.8,0,1,0
32,44,136.59,1,1,1
29,40,106.34,2,5,0
24,24,154.69,3,4,1
28,17,82.41,2,4,0
22,7,166.3,1,1,1
35,43,118.85,1,2,1
27,50,66.86,2,2,0
37,1,147.21,0,4,0
19,35,112.05,2,4,0
38,32,51.69,3,3,1
43,36,133.3,2,4,0
18,13,160.26,2,1,1
38,6,171.29,0,5,0
47,58,104.87,0,4,0
22,14,125.81,2,4,1
51,37,122.02,0,1,1
39,48,179.59,5,3,0
27,15,87.58,0,4,0
34,47,101.41,0,2,0
40,4,86.61,2,2,1
35,40,62.03,2,2,0
40,59,129.91,0,5,0
25,16,184.05,1,5,0
36,28,112.06,2,4,0
20,16,84.72,2,4,0
33,4,127.47,2,4,1
25,45,143.56,1,5,0
27,26,113.75,4,4,1
47,28,176.14,4,1,1
45,32,87.51,0,3,0
41,45,108.52,1,2,0
24,2,131.84,0,2,0
31,31,135.72,1,1,0
47,3,121.89,2,4,0
36,54,68.86,3,5,0
58,8,213.52,0,4,0
38,24,110.56,1,4,0
36,15,124.41,4,2,1
31,43,144.67,2,2,1
36,31,94.54,2,5,0
33,9,122.28,4,2,1
42,39,92.91,1,4,1
44,45,136.62,2,1,1
27,2,108.96,2,5,1
21,8,130.75,3,1,1
18,7,78.14,0,4,0
40,56,86.84,1,5,0
23,44,65.39,1,1,1
18,51,91.58,2,5,0
38,39,20.0,0,4,0
59,42,107.72,2,5,0
34,57,98.63,2,4,0
43,16,126.04,1,5,0
35,35,121.78,2,5,0
34,30,170.28,2,2,1
44,10,223.77,1,4,0
32,38,165.5,2,3,0
37,18,101.88,1,5,0
38,50,100.26,2,1,1
28,5,154.75,0,2,1
44,53,52.67,0,2,0
33,29,107.39,0,5,0
27,39,110.47,0,3,0
40,34,143.37,1,2,0
26,43,144.55,3,4,1
35,45,90.22,1,5,0
34,23,103.43,2,5,0
45,5,137.8,0,3,0
39,30,88.04,1,4,0
34,6,168.24,2,4,1
43,56,144.37,0,3,0
48,58,126.86,2,1,1
40,46,135.64,2,4,0
35,44,101.32,0,1,0
21,4,94.95,1,1,1
24,29,103.01,2,5,0
31,23,140.0,3,5,0
28,6,128.04,2,2,1
33,32,103.09,1,5,0
35,42,149.98,0,4,0
40,18,113.04,0,4,0
34,15,92.27,2,1,1
39,40,130.17,1,4,0
35,58,79.48,1,5,0
18,32,52.51,1,5,0
25,9,119.8,1,5,0
33,37,93.7,1,3,0
22,10,109.83,0,4,0
40,20,81.33,3,2,1
50,6,168.36,2,4,1
47,48,93.54,2,4,0
32,56,102.72,1,3,0
49,59,135.12,0,4,0
36,3,64.94,2,1,0
31,42,61.98,2,5,0
28,11,135.24,2,5,0
31,43,102.2,3,3,0
31,17,83.94,3,5,0
36,32,144.13,1,1,0
36,4,87.52,0,3,1
35,4,109.02,0,2,1
39,17,84.15,4,5,1
46,41,132.14,2,4,0
44,19,173.28,2,1,1
20,5,45.56,2,1,1
18,32,124.51,1,5,0
44,22,154.26,0,2,0
21,56,103.14,4,4,1
32,6,74.76,3,2,1
23,35,136.84,4,2,1
18,22,160.07,2,5,0
40,1,155.62,2,4,1
42,20,134.64,1,5,0
29,22,123.92,2,5,0
18,48,84.04,1,1,0
29,55,154.61,4,5,0
38,11,152.4,2,3,0
20,13,74.48,4,4,1
36,59,134.58,1,1,0
34,42,146.11,1,4,0
40,3,155.28,0,1,0
36,9,117.0,0,3,0
25,12,85.7,0,5,0
46,23,99.92,3,1,1
33,14,79.71,2,1,1
34,33,117.96,2,1,1
25,18,110.12,2,3,1
30,49,205.8,0,4,0
26,59,155.79,0,3,0
33,41,158.78,1,1,1
52,9,138.85,1,1,0
21,23,105.31,2,5,0
18,10,108.98,1,3,0
49,19,112.65,1,3,0
32,47,127.53,0,2,0
28,5,135.57,3,4,1
45,47,120.03,2,2,1
28,52,108.38,3,2,1
53,23,96.24,2,4,0
41,30,64.29,1,5,0
30,25,171.34,1,5,0
56,28,208.22,3,4,1
28,34,167.97,3,4,0
42,45,69.64,0,3,0
37,56,151.48,2,3,0
48,48,160.95,2,3,1
50,47,103.86,0,3,0
35,25,139.56,2,1,1
27,10,101.75,3,1,1
39,14,181.16,1,5,0
28,42,134.61,2,1,1
55,57,83.31,3,1,1
36,46,146.79,2,3,0
31,58,162.35,1,3,0
36,30,127.93,1,4,0
21,55,139.18,2,3,1
25,41,117.21,3,4,0
47,25,74.63,1,4,0
28,14,113.93,2,1,1
24,35,140.92,2,3,0
40,52,114.88,2,1,0
46,48,152.03,3,3,0
42,34,104.31,2,1,1
44,10,106.94,2,1,1
27,35,153.24,1,1,1
20,11,128.87,0,5,1
50,11,103.53,0,1,1
31,21,161.35,1,2,0
32,21,92.45,5,2,1
48,22,90.92,3,2,1
40,45,20.0,4,4,1
39,7,97.84,1,1,1
56,55,172.35,1,2,0
28,17,37.11,2,4,0
44,2,81.92,0,2,1
35,12,137.56,1,3,1
37,57,30.21,1,5,0
50,42,99.57,1,1,0
40,18,165.63,1,5,0
40,54,201.72,2,5,0
45,59,131.61,3,3,0
31,11,82.94,0,3,0
26,16,81.59,1,3,0
24,49,125.8,2,4,0
18,51,131.24,1,2,0
55,18,194.32,2,1,1
23,35,158.83,1,3,0
32,53,123.36,3,1,1
32,59,106.59,3,1,1
38,26,240.59,2,1,1
43,16,145.06,0,3,0
43,6,93.25,1,3,1
29,57,111.02,3,2,0
33,44,84.9,1,3,0
37,43,23.82,1,3,0
32,47,132.51,1,1,0
51,47,191.3,2,2,1
39,48,54.78,2,5,0
42,42,122.21,3,3,0
41,12,91.72,1,3,1
46,13,140.86,2,5,0
36,4,113.11,1,1,1
22,39,65.6,2,2,0
38,54,80.76,2,1,1
28,2,86.79,2,4,1
29,26,173.77,0,3,0
40,59,171.73,1,4,0
47,27,107.55,0,3,0
35,27,169.11,1,4,0
38,15,113.07,3,5,0
52,8,106.93,2,3,0
37,7,122.28,1,3,0
61,47,131.39,2,4,0
40,55,97.78,2,2,1
18,46,120.87,2,4,0
42,40,151.49,0,3,0
38,12,125.18,1,3,0
47,13,121.71,1,2,1
41,43,139.77,1,1,0
33,17,146.67,1,2,1
22,17,117.5,0,1,1
32,56,101.03,0,3,1
26,36,127.57,1,5,0
29,21,56.24,1,5,0
40,8,111.59,0,4,0
51,5,21.14,3,2,1
38,26,52.97,2,2,1
23,16,46.95,2,5,0
39,36,161.89,1,1,1
46,28,120.56,0,2,0
28,54,69.52,2,1,0
33,29,139.64,0,1,0
35,47,159.55,1,1,0
27,12,140.34,1,1,1
41,37,112.45,2,4,0
33,30,129.3,1,4,0
39,23,156.06,0,5,0
26,16,101.23,2,4,0
30,14,121.19,0,2,0
42,10,109.71,2,4,0
31,7,55.46,2,2,1
52,45,156.66,0,2,0
31,52,202.29,2,1,1
37,37,85.05,1,5,0
44,29,158.51,1,1,0
20,3,86.32,0,1,1
18,15,125.31,4,4,1
19,36,180.32,2,4,0
47,47,99.18,3,2,1
29,46,119.41,2,4,0
60,52,47.94,3,4,0
29,19,93.43,2,3,0
36,13,43.75,0,2,0
50,42,137.17,2,2,1
55,21,153.27,1,3,0
55,37,111.13,1,2,1
47,27,131.44,3,5,0
45,55,106.97,0,5,0
40,52,149.62,3,3,0
42,29,125.18,2,4,1
29,20,40.57,1,5,0
26,25,157.6,2,3,0
34,6,104.42,2,5,0
33,36,69.18,2,1,1
30,2,102.44,0,3,0
41,22,43.92,1,2,0
44,32,70.0,0,5,0
35,16,125.72,1,2,1
49,18,129.07,3,3,0
23,5,132.26,1,5,0
33,54,120.13,3,2,0
27,36,92.29,0,4,0
18,30,117.82,1,4,0
34,45,102.51,1,1,1
33,19,54.97,4,3,1
50,23,89.1,4,2,1
41,34,155.58,1,1,0
24,13,183.53,1,3,1
53,43,146.05,3,4,0
47,54,181.75,1,2,0
40,29,123.42,1,5,0
32,36,189.7,2,4,0
25,22,202.18,1,5,0
31,52,50.66,2,5,0
45,52,128.86,0,2,0
53,47,123.46,1,2,0
50,36,103.04,1,5,0
30,9,139.68,0,1,1
23,39,121.65,1,5,0
36,51,90.58,1,5,0
18,19,118.94,0,2,0
38,38,168.18,3,3,1
33,6,127.3,2,4,0
30,52,145.08,2,2,0
19,47,108.92,2,1,1
40,15,138.08,1,4,0
29,57,71.63,2,2,1
23,20,100.01,2,2,0
18,9,115.89,3,3,1
34,32,68.95,1,1,1
52,4,86.79,3,1,1
51,50,132.52,1,2,0
30,18,125.19,2,3,0
28,5,152.25,1,2,1
39,20,95.98,0,5,0
25,23,122.3,2,5,0
38,11,93.13,2,3,0
42,37,148.25,0,2,0
47,22,167.63,3,3,1
33,58,139.33,0,2,0
32,4,162.45,0,2,0
26,29,121.3,2,5,0
26,44,152.22,4,4,0
32,34,123.02,1,1,1
38,13,79.0,3,1,1
44,42,129.87,3,3,0
26,9,80.19,2,1,1
49,42,213.57,1,5,0
32,31,106.64,3,4,0
34,7,145.8,4,2,1
27,4,119.5,2,2,1
18,19,70.66,2,5,0
43,42,44.06,3,1,1
42,30,149.96,0,2,1
32,31,181.97,1,1,1
35,35,90.61,1,5,0
40,57,53.73,1,2,0
19,21,106.99,2,3,0
29,31,82.52,4,4,0
42,19,93.99,2,1,1
22,31,144.41,2,1,1
37,53,117.98,0,1,0
21,32,86.82,4,1,1
39,2,143.54,2,5,0
34,59,146.67,1,5,0
18,52,106.52,0,5,0
46,10,125.52,2,5,0
27,2,140.82,4,2,0
26,2,137.04,0,5,0
37,24,121.62,0,2,1
46,17,177.3,2,3,0
24,32,143.31,0,5,0
35,16,101.97,1,3,0
39,16,102.21,2,5,0
41,46,97.68,1,3,0
36,39,145.28,1,4,0
31,53,95.09,0,3,0
26,31,103.0,0,2,0
35,43,162.32,0,1,1
24,24,127.67,0,3,1
18,1,167.94,2,1,1
39,11,151.92,5,4,1
44,55,72.93,2,4,0
18,21,115.91,1,2,1
24,4,159.6,4,2,1
41,7,71.11,0,3,0
55,26,136.79,1,5,0
35,47,118.43,0,4,0
27,50,49.81,2,1,0
33,12,124.79,0,5,0
48,31,86.5,0,4,0
28,17,73.29,4,3,0
27,33,120.37,3,4,0
30,11,42.77,2,2,0
25,28,93.03,3,1,1
36,32,222.05,1,1,1
51,1,146.01,1,2,1
38,47,84.74,0,5,0
32,28,176.17,0,2,0
32,53,80.32,1,1,1
19,42,97.85,1,3,0
43,7,74.05,0,5,0
34,2,130.24,1,4,0
33,42,174.75,2,3,1
66,24,80.04,0,5,0
37,4,37.58,2,1,1
27,44,163.64,1,1,0
30,19,182.15,2,3,1
46,26,40.2,1,5,0
36,11,138.4,2,4,0
20,40,129.06,0,4,0
44,50,88.5,1,2,0
28,43,64.23,1,3,0
53,11,159.67,4,5,1
45,45,127.16,1,3,0
30,3,130.18,2,4,0
47,12,95.13,1,5,1
35,3,87.92,1,1,1
43,42,21.8,1,1,1
39,27,110.88,3,5,1
26,49,177.55,1,3,1
28,54,84.39,1,3,0
45,2,59.1,0,1,0
31,49,137.43,1,1,1
30,16,144.8,1,4,0
25,2,96.56,2,5,0
39,54,106.05,2,3,0
55,30,130.56,1,4,0
24,20,113.78,3,3,1
35,38,160.01,0,1,0
49,28,217.49,0,5,0
34,25,51.63,1,2,1
39,32,169.19,3,5,0
24,10,124.21,1,2,1
39,42,175.53,4,4,0
33,40,148.97,0,2,0
44,33,122.45,1,2,0
46,13,150.4,2,4,1
60,56,104.23,0,5,0
40,41,89.03,0,4,0
38,54,152.43,0,1,1
36,42,86.23,0,1,0
31,47,145.69,0,2,0
38,37,121.23,1,4,0
32,54,26.82,2,4,0
36,16,97.02,3,4,1
48,45,133.39,3,5,0
24,22,103.76,3,3,0
46,57,20.0,2,3,0
48,20,172.83,1,3,0
33,50,126.78,2,5,0
18,43,137.75,1,4,0
28,27,101.07,1,3,0
47,41,141.26,1,4,0
34,16,193.39,2,2,1
25,34,90.6,1,3,0
29,32,186.68,0,2,0
43,26,135.94,0,5,0
40,25,85.22,2,1,1
32,2,208.5,0,5,0
31,12,135.67,1,5,0
31,40,147.06,1,5,0
25,9,109.23,2,3,0
51,12,88.15,3,2,1
31,26,126.71,1,3,0
47,9,183.26,1,1,1
50,10,107.61,0,5,0
44,32,118.93,4,4,1
30,57,178.25,0,1,1
39,34,107.99,2,2,1
34,48,140.41,0,1,0
25,20,155.09,0,3,0
38,39,112.13,4,4,1
23,2,132.39,4,3,1
46,1,146.44,4,5,1
30,51,103.96,1,5,0
37,36,152.63,3,1,1
37,24,98.12,3,5,0
32,54,93.0,0,5,0
40,27,58.92,0,2,0
30,2,99.86,3,2,1
43,31,87.38,1,3,0
21,57,103.97,4,3,1
36,14,144.48,2,2,1
54,2,50.97,0,1,1
24,29,41.01,0,2,1
28,15,90.04,1,3,0
40,12,138.45,1,4,0
36,37,131.55,1,5,0
38,28,89.4,1,4,0
39,20,166.78,0,4,0
41,39,93.66,1,5,0
46,24,138.5,1,2,1
39,21,105.49,2,1,1
32,10,85.25,0,4,0
41,46,95.8,3,1,1
53,14,149.36,3,3,1
33,37,134.44,0,4,0
25,18,158.72,2,3,1
46,24,134.44,5,2,1
33,14,55.55,2,4,1
18,34,204.58,0,3,1
43,58,135.01,3,3,0
29,12,140.59,0,2,1
34,22,104.93,1,1,1
38,56,164.53,2,1,1
36,6,76.28,0,4,0
42,36,144.39,1,2,0
30,45,36.81,2,4,0
40,36,147.09,1,1,1
32,22,76.82,0,2,1
42,14,131.08,1,5,0
41,16,174.29,3,2,1
25,36,152.91,3,2,1
45,56,168.98,0,5,0
29,25,164.83,5,3,1
43,32,99.03,4,3,1
38,33,143.93,2,3,0
53,45,51.0,0,1,1
32,36,92.52,1,2,0
31,20,175.71,0,5,0
34,18,104.6,1,1,1
31,38,45.28,1,5,0
42,3,200.55,3,1,1
18,23,142.49,1,1,0
24,32,150.58,0,1,1
24,45,80.78,1,5,0
44,59,131.36,2,4,0
52,16,130.3,0,1,1
33,59,87.14,2,3,0
33,5,113.21,0,2,0
35,4,59.98,1,4,0
46,21,106.13,1,4,0
25,40,158.95,3,5,0
37,51,90.13,1,4,0
44,14,196.29,1,5,0
40,39,62.56,2,5,0
36,31,109.59,4,3,0
45,14,93.74,2,1,1
18,6,112.79,1,4,0
41,12,174.86,1,1,1
28,16,80.62,0,1,1
18,17,101.95,2,1,1
40,45,146.18,2,5,0
48,23,123.73,2,1,1
33,14,127.01,1,4,1
44,7,81.39,2,5,1
51,46,117.14,2,4,0
48,32,165.26,2,5,0
51,15,55.62,1,2,1
42,44,92.11,3,2,0
35,17,47.38,3,2,1
18,41,141.48,1,2,0
32,54,169.02,3,5,0
26,47,112.66,2,1,1
56,44,79.78,4,3,0
33,34,80.95,2,3,0
36,5,108.12,3,2,1
40,45,107.97,1,1,0
35,27,156.47,3,4,0
51,52,93.24,1,1,0
28,23,137.4,3,4,1
36,40,107.78,0,3,0
27,59,90.21,0,1,0
21,14,106.78,1,1,1
28,15,133.46,2,3,1
34,43,156.6,1,1,1
30,33,109.92,0,4,0
28,53,71.84,2,1,0
20,31,159.99,0,4,0
34,35,84.07,3,2,1
19,17,130.43,2,1,0
42,28,119.01,2,4,0
35,19,113.66,1,3,0
20,46,100.52,0,2,0
31,54,144.81,0,1,1
27,23,20.0,1,4,0
38,32,165.46,2,1,1
48,40,83.5,4,4,0
18,13,136.32,3,1,1
36,59,134.2,3,2,0
33,20,171.0,2,2,0
41,35,127.91,1,1,1
37,5,86.84,0,1,1
27,9,55.81,2,5,0
31,29,106.05,0,1,0
27,6,41.67,4,1,1
45,25,94.86,2,2,1
35,31,108.29,0,1,1
54,22,92.4,0,3,0
34,2,121.67,1,1,1
27,45,110.56,1,5,0
19,5,106.89,2,4,0
18,27,23.03,0,2,0
19,25,68.21,0,3,0
37,8,145.71,1,4,1
40,55,152.17,2,3,0
19,1,46.45,1,2,1
43,20,87.41,3,5,1
30,44,162.88,1,2,0
36,23,91.28,1,3,0
51,32,115.54,3,3,0
43,11,177.67,2,2,1
32,39,105.54,2,1,1
26,47,99.81,1,2,0
18,54,113.72,3,5,0
27,24,194.14,2,2,0
32,11,137.85,2,4,1
25,29,120.76,2,1,1
33,54,99.03,1,4,0
35,26,141.55,2,2,0
32,16,146.39,1,1,0
28,35,77.07,0,4,0
36,20,147.47,2,4,0
39,46,113.95,1,1,0
24,3,120.99,4,1,1
49,1,84.63,2,3,0
34,58,104.0,1,1,0
35,53,78.79,0,2,0
42,47,76.87,0,5,0
37,1,135.08,2,3,1
44,17,105.8,1,1,1
37,2,68.01,1,5,0
28,29,207.08,2,3,0
38,20,75.01,0,2,1
23,6,163.68,4,5,1
36,8,60.94,1,1,1
34,29,138.26,0,1,0
32,48,109.98,2,2,0
33,51,94.84,0,3,0
18,33,127.87,0,5,0
29,3,122.49,0,2,1
35,35,87.5,0,3,0
36,5,85.69,4,4,1
24,27,57.04,2,4,0
47,44,132.22,4,3,1
26,12,69.85,1,1,1
44,20,120.16,2,1,1
39,45,143.7,1,4,0
28,20,128.32,0,1,0
52,9,91.07,1,1,1
23,39,156.35,2,3,0
44,4,103.68,2,3,0
45,51,66.63,2,1,1
28,54,108.65,1,3,0
48,19,143.47,1,5,0
32,38,93.02,2,4,0
37,27,155.13,0,5,0
37,45,89.19,0,5,0
33,43,94.63,1,1,1
43,13,78.16,2,1,1
42,13,147.35,3,5,0
18,57,117.87,2,5,0
48,22,80.81,1,2,1
18,28,104.15,2,2,0
45,52,20.0,1,4,0
46,47,151.12,3,5,0
24,53,113.17,1,3,0
30,45,23.75,0,2,0
23,22,61.73,1,1,0
32,43,103.14,0,5,0
31,19,67.43,3,3,1
42,8,151.73,1,3,0
48,52,136.74,2,3,0
48,8,134.38,1,1,1
29,42,20.0,4,2,1
32,26,98.98,0,3,0
18,48,92.1,0,2,0
26,51,81.84,2,4,0
44,26,103.39,1,1,1
51,23,74.95,2,2,1
22,43,128.61,1,2,0
29,13,150.66,1,3,1
34,28,147.22,0,3,0
37,9,114.48,2,1,1
26,20,199.97,1,2,0
39,56,165.6,0,5,0
30,19,115.94,2,3,0
34,48,100.71,2,3,0
40,39,173.52,1,4,0
35,51,160.3,1,1,1
30,12,63.58,2,2,1
33,15,163.43,1,2,1
34,31,113.83,1,2,1
31,55,85.56,2,3,0
32,14,40.83,0,1,1
50,11,109.24,3,2,1
40,26,119.51,2,5,0
32,42,183.49,1,4,0
41,27,158.29,3,4,1
31,11,96.68,5,2,1
46,38,135.57,1,3,0
38,34,153.05,1,4,0
33,43,123.44,2,4,0
39,19,96.51,2,4,0
19,6,98.71,0,4,0
23,46,135.42,0,2,0
23,52,136.52,4,1,1
36,38,108.28,1,1,1
52,49,20.0,0,3,0
57,42,68.38,0,5,0
41,28,144.79,2,1,1
40,1,34.77,2,5,0
18,35,167.37,3,1,1
29,40,161.45,1,1,1
27,8,121.64,2,3,1
28,59,143.92,2,4,0
33,52,141.15,2,3,0
30,54,115.33,0,1,0
18,47,65.04,1,4,0
42,56,158.69,2,4,0
24,7,176.29,0,4,1
37,11,71.66,0,5,0
55,39,63.55,3,1,1
25,4,114.53,2,2,1
18,25,94.95,2,3,0
32,12,125.8,1,5,0
46,26,168.32,1,3,1
54,38,30.17,0,2,0
22,46,183.25,3,4,0
39,12,103.73,1,2,1
30,43,140.47,0,3,0
33,51,144.75,3,2,1
61,53,149.41,1,1,1
19,37,122.48,2,2,0
37,46,131.82,1,1,0
39,53,131.56,0,2,0
45,24,94.79,2,1,1
35,16,49.68,0,1,0
38,57,71.23,1,2,0
31,13,115.83,1,5,0
37,25,88.53,1,4,0
31,54,88.62,1,4,0
41,54,191.97,1,4,0
31,57,154.36,0,1,1
38,52,109.92,5,4,0
34,54,146.88,0,1,0
46,4,103.19,0,5,0
34,11,124.43,3,2,1
18,32,137.67,1,2,0
47,49,103.3,3,1,1
25,7,92.59,2,1,1
28,46,168.96,2,5,0
29,58,144.56,1,4,0
48,11,29.82,2,5,1
18,28,93.27,0,2,0
66,54,88.75,1,2,0
45,41,95.15,0,4,0
37,23,154.5,1,2,1
34,45,120.77,0,1,1
37,23,64.41,1,2,1
40,50,104.67,1,3,0
41,28,141.67,3,4,0
40,43,111.21,0,4,0
35,47,94.21,0,4,0
33,57,133.25,2,3,0
33,26,184.73,1,5,0
33,25,138.46,4,1,1
46,54,172.04,0,4,0
40,29,96.9,1,2,0
18,19,119.67,2,1,1
41,33,118.86,4,2,1
36,36,124.75,3,1,1
34,14,137.62,1,1,1
31,14,83.24,1,2,0
46,35,145.89,2,2,1
44,30,54.88,0,1,1
27,28,66.57,1,4,0
39,17,205.43,0,2,0
25,3,99.6,1,3,1
21,16,149.18,0,3,1
28,46,187.93,4,1,1
43,30,27.42,1,5,0
44,52,165.05,5,1,1
40,29,145.96,1,1,1
42,45,185.62,0,4,0
40,15,72.74,2,4,0
28,46,178.05,1,5,0
39,56,90.42,2,5,0
43,25,162.19,3,5,0
42,51,118.56,2,5,0
46,38,150.83,0,5,0
42,42,121.95,1,1,0
38,59,46.42,2,1,1
45,47,20.0,0,3,0
34,53,128.4,0,3,0
26,54,109.45,4,2,0
33,52,135.93,1,1,1
27,58,109.91,2,5,0
28,38,200.72,2,2,1
33,23,129.22,0,4,0
27,25,102.12,2,1,1
31,42,133.49,3,3,0
18,7,102.85,2,1,1
37,22,123.72,2,1,1
35,17,71.3,0,1,1
26,18,119.66,0,1,0
41,49,100.89,3,4,0
44,41,75.09,1,3,0
18,10,199.03,1,1,1
27,10,76.65,1,4,0
27,57,120.28,2,2,0
25,7,87.89,3,1,1
43,48,131.88,2,4,0
33,50,69.02,1,5,0
32,38,153.61,0,2,0
18,27,201.45,0,3,0
41,52,86.42,1,1,1
22,33,168.68,2,1,0
35,1,104.72,2,4,1
37,44,180.23,2,3,0
48,53,207.54,0,5,0
21,34,110.65,3,2,1
18,4,59.19,2,3,0
36,17,157.92,3,1,1
53,4,128.98,1,4,0
47,43,140.07,2,5,0
37,54,106.41,1,4,0
30,26,84.62,2,2,0
43,4,166.41,1,3,1
25,1,132.79,2,4,0
39,7,62.26,0,4,0
40,30,147.48,0,1,1
45,50,139.45,2,4,0
62,9,106.99,0,5,0
38,35,184.79,0,3,0
29,8,95.27,2,2,0
34,24,113.24,1,4,0
18,19,150.75,6,5,0
28,36,123.07,1,2,0
30,50,64.62,1,5,0
29,52,127.35,0,4,0
36,59,103.42,1,4,0
26,43,154.28,1,3,0
46,27,126.05,4,1,1
35,32,123.78,0,5,0
34,14,78.07,1,1,1
31,57,110.8,0,1,0
36,18,158.8,1,2,0
43,28,88.94,1,2,1
26,29,118.7,0,5,0
28,16,82.54,0,1,0
31,35,72.65,0,3,0
21,47,116.61,2,1,1
26,59,126.95,1,2,0
30,59,199.75,1,1,0
43,31,101.78,2,4,0
37,4,117.99,4,4,1
36,37,70.0,2,3,1
43,17,144.49,0,5,0
33,39,135.92,1,1,1
38,48,179.54,1,4,0
33,46,164.46,4,5,1
37,26,134.06,0,4,0
29,48,101.2,1,5,0
18,39,128.19,1,5,0
33,41,115.56,2,4,1
49,4,158.14,1,2,1
44,30,153.05,5,5,1
44,30,108.14,2,1,1
47,22,61.52,0,4,0
35,11,173.34,1,2,0
36,2,143.27,2,4,1
28,44,107.22,1,3,0
31,12,141.71,1,1,1
41,30,122.99,1,3,1
47,36,172.74,0,5,0
33,18,42.81,0,5,0
30,26,104.11,0,3,1
35,53,183.96,3,3,0
41,7,142.53,0,5,0
20,1,190.9,1,2,0
18,58,71.13,2,1,1
29,26,162.89,1,4,0
22,23,160.49,1,3,1
29,26,52.73,1,1,0
33,45,108.18,1,4,0
30,6,115.74,1,4,0
49,6,55.22,2,3,0
38,44,109.02,2,2,0
38,8,154.93,1,2,0
41,24,104.36,1,1,1
23,22,129.69,2,1,1
45,19,129.97,1,5,0
34,37,119.51,2,2,0
41,18,91.79,1,1,1
24,31,146.35,3,5,0
19,37,56.52,2,4,1
43,30,120.34,1,1,1
38,57,175.42,2,5,0
25,42,102.11,4,2,1
26,33,90.91,0,4,0
46,10,149.02,3,1,1
23,37,126.54,1,2,1
51,12,149.82,3,4,0
25,54,121.54,0,3,1
41,30,24.47,0,2,0
31,27,167.2,1,3,1
41,39,202.8,4,1,1
29,9,171.36,2,5,0
33,54,20.0,3,1,0
35,21,138.04,2,2,0
24,12,101.33,4,3,1
42,55,76.63,5,3,1
29,29,124.91,2,4,0
32,33,114.04,1,1,1
25,43,140.35,2,1,1
18,53,122.26,2,2,1
33,15,75.17,1,3,1
59,2,96.94,3,2,1
42,52,90.48,2,2,0
34,39,51.34,3,3,1
32,53,65.13,0,2,0
35,44,111.56,1,3,0
40,54,176.95,1,2,1
23,18,98.58,1,5,0
46,3,89.7,1,2,0
42,7,72.75,0,2,1
42,43,121.22,1,5,0
39,18,167.17,3,1,1
35,44,200.11,4,3,0
41,38,131.42,1,4,0
40,37,125.6,0,5,0
31,58,98.26,1,1,0
29,33,104.94,0,2,0
36,44,145.17,1,1,1
50,59,107.4,2,5,0
22,31,113.51,3,2,1
20,58,118.99,2,1,1
36,11,96.37,0,4,0
35,4,117.0,0,3,1
36,59,39.22,1,3,0
37,18,141.95,1,5,0
32,4,214.07,4,2,1
49,49,97.92,1,2,0
18,34,134.95,2,3,1
26,29,154.06,0,1,0
33,24,171.21,3,2,1
18,22,109.43,1,4,0
33,2,47.87,1,4,0
51,44,130.69,2,2,1
35,6,125.15,3,2,1
37,42,106.17,0,3,0
22,25,114.66,3,5,0
28,55,125.75,4,3,0
31,57,134.47,5,5,1
31,21,132.79,0,4,0
47,55,111.29,0,5,0
40,59,135.37,0,3,0
23,16,108.6,0,2,0
37,31,145.68,1,5,0
39,14,94.9,1,3,0
46,39,122.92,0,4,0
50,28,55.05,0,5,0
24,32,105.2,2,4,1
26,28,142.7,3,4,1
22,51,78.65,3,1,1
32,55,107.2,0,5,0
39,49,23.8,4,3,0
44,9,65.28,2,5,1
34,58,75.74,1,5,0
31,45,124.07,0,4,0
36,22,133.34,2,4,0
26,32,117.76,1,4,0
55,5,104.7,2,4,0
18,23,104.84,3,3,1
36,5,148.64,2,2,1
55,42,128.51,4,1,1
35,53,106.64,2,4,0
33,32,171.73,0,4,0
31,59,198.0,2,1,0
33,10,70.17,0,4,0
48,59,140.9,3,2,1
18,39,243.6,0,5,0
50,58,131.21,1,1,1
20,15,124.62,0,3,0
32,7,117.77,2,1,1
30,29,139.61,0,2,0
40,59,150.2,1,3,0
19,47,70.21,0,5,0
39,3,118.94,1,4,1
55,19,29.22,3,1,1
21,10,111.63,2,3,0
36,28,83.89,0,1,1
28,29,133.57,1,5,0
39,15,53.74,2,1,1
35,35,99.51,1,3,0
28,6,158.66,1,2,1
39,12,92.95,1,3,1
53,47,43.8,0,1,0
33,38,130.3,1,5,0
42,13,96.54,0,4,0
22,29,112.56,0,4,0
25,19,90.81,2,5,0
39,3,198.98,1,1,0
49,8,57.68,2,5,0
38,8,233.34,2,1,1
31,55,104.37,1,3,0
34,58,127.34,2,2,0
22,20,97.01,0,1,1
41,47,95.33,0,4,0
43,4,88.61,5,4,1
30,51,144.05,0,2,0
30,21,63.57,0,1,1
37,3,134.56,1,2,0
30,45,32.62,0,3,0
34,8,130.94,0,2,1
55,23,153.97,0,3,0
32,16,69.02,1,4,0
31,13,147.15,2,3,0
28,3,122.06,0,1,1
42,48,183.94,1,1,1
33,9,85.79,1,1,1
28,14,232.64,2,1,1
48,13,24.37,1,5,1
49,53,106.82,1,3,0
28,57,52.06,3,1,1
18,7,194.04,1,2,1
45,15,109.53,0,2,1
28,7,113.13,0,5,0
42,38,137.73,0,3,0
18,34,119.81,2,3,1
43,41,96.25,5,3,1
22,22,69.73,4,5,1
42,24,126.74,1,3,0
35,49,135.15,0,3,0
25,37,147.82,3,1,1
30,44,196.51,3,3,1
41,1,33.05,2,1,1
36,10,117.29,0,1,1
40,43,167.67,1,3,0
54,16,115.02,1,2,1
19,46,26.47,2,4,0
51,8,68.36,4,2,1
36,56,133.14,1,3,0
26,49,131.69,1,3,0
21,25,146.9,1,2,0
33,50,88.76,2,3,0
44,12,130.4,2,1,1
33,25,82.17,3,5,0
50,17,130.4,0,3,0
20,26,122.13,0,3,0
34,46,87.17,3,2,1
22,48,182.33,0,1,1
38,14,51.77,2,2,1
43,41,114.34,1,2,0
30,36,86.28,1,3,0
18,57,193.37,1,1,0
36,23,143.94,1,3,1
39,43,94.03,0,3,0
39,6,108.81,2,3,1
47,47,194.45,3,3,1
24,5,82.15,3,5,0
41,43,49.42,1,4,0
46,25,131.64,2,1,1
18,18,132.55,2,5,0
38,13,146.64,2,4,0
29,43,146.91,1,4,0
34,14,190.83,3,4,1
38,28,51.27,1,5,0
30,18,71.89,1,1,0
28,59,146.49,1,2,1
35,57,75.77,1,4,0
24,28,61.74,3,2,0
24,51,194.63,1,2,0
41,56,55.2,3,3,0
23,27,105.95,4,2,1
41,32,117.63,1,3,0
39,47,172.37,2,1,1
18,9,45.25,0,1,1
28,40,136.62,3,3,1
46,32,84.38,1,1,1
25,20,145.1,2,4,0
30,28,83.73,1,1,1
39,33,182.89,2,3,1
42,4,83.96,1,4,1
32,46,21.52,4,2,1
29,57,88.45,1,2,0
49,34,109.55,1,2,0
52,48,163.29,1,3,0
44,3,69.66,2,2,1
35,26,70.45,0,1,0
26,8,158.42,1,2,1
26,6,64.99,2,5,0
40,16,112.84,1,5,0
39,24,113.65,1,2,1
49,48,128.7,3,2,1
41,39,90.01,1,5,0
19,30,82.92,1,2,1
45,45,133.4,1,4,0
25,13,84.16,4,5,1
31,5,65.6,0,3,0
37,25,169.11,2,5,0
54,20,139.52,4,1,1
66,54,190.7,0,4,0
41,18,151.36,2,3,1
33,47,69.27,1,2,0
40,18,123.85,0,1,0
43,2,79.37,1,1,0
31,10,53.94,0,4,0
52,55,102.11,1,3,0
37,45,159.26,1,1,1
39,50,131.0,0,3,0
41,47,64.36,2,3,0
39,12,100.71,0,1,1
43,47,114.29,3,3,0
28,13,52.44,1,4,0
29,50,148.53,2,1,0
23,47,110.85,1,4,0
39,57,64.38,0,4,0
42,55,62.11,0,3,0
39,11,164.03,0,3,0
51,19,104.77,2,1,1
34,35,167.61,4,2,1
41,39,182.89,4,1,1
24,53,160.9,1,4,0
31,26,98.66,1,3,0
41,46,20.09,2,4,0
43,14,132.52,2,5,0
32,54,203.66,3,5,0
34,45,118.58,3,4,1
19,44,40.41,2,2,1
31,24,93.0,1,2,0
43,41,112.65,3,1,1
40,1,76.08,2,1,1
40,51,20.0,0,1,0
35,43,116.09,3,3,0
35,55,88.6,2,2,0
28,22,190.91,3,4,1
41,23,124.04,1,5,0
39,56,138.78,1,2,0
39,54,115.24,1,2,0
29,19,123.75,0,2,1
18,18,53.91,0,1,1
45,12,78.39,3,3,0
30,55,163.54,0,4,0
26,28,128.38,1,1,1
41,28,104.06,4,3,1
31,59,139.45,2,2,0
45,33,140.23,1,3,0
41,19,199.64,3,1,1
41,28,126.52,2,2,0
21,59,77.5,1,1,1
47,52,115.37,0,4,0
37,49,144.3,0,2,0
31,37,159.83,3,3,0
36,26,55.4,3,1,1
18,35,130.15,1,5,0
39,34,84.11,3,3,1
24,35,97.33,1,3,0
21,40,153.83,1,2,0
19,16,149.85,4,3,0
46,38,92.87,1,1,1
28,13,113.69,2,5,0
50,23,98.56,1,4,0
29,54,235.67,1,5,0
18,22,131.13,2,1,1
23,16,86.42,2,2,1
47,28,172.89,1,1,0
33,48,174.3,2,3,1
29,35,191.67,1,2,0
36,45,203.52,1,4,0
40,46,148.31,1,4,0
46,8,106.01,2,1,1
49,44,111.9,1,3,1
31,55,108.32,1,4,0
21,55,103.85,1,5,0
30,22,169.6,2,2,1
37,21,120.03,1,5,0
25,26,158.86,2,4,0
25,40,147.06,0,4,0
38,21,76.05,3,1,1
34,25,51.31,1,1,1
35,41,70.53,2,2,1
27,1,102.93,0,1,1
32,6,125.37,0,3,0
25,23,94.07,2,2,1
43,51,148.12,1,3,1
45,23,98.89,0,1,0
18,43,130.28,1,2,0
25,43,124.7,3,4,1
20,23,189.38,2,5,0
28,32,80.99,0,4,0
34,30,208.34,1,3,0
20,13,96.23,0,4,0
25,43,66.4,2,4,0
24,18,111.32,0,5,0
37,23,249.61,2,5,0
35,15,155.81,2,4,0
27,33,144.12,1,5,0
36,21,151.81,2,4,0
29,57,89.22,1,2,0
32,39,133.04,0,4,0
51,23,120.1,1,1,1
48,27,192.36,3,5,0
22,45,115.65,1,5,0
43,44,104.87,2,3,0
43,18,73.41,0,3,1
23,24,125.6,0,1,1
43,51,131.72,4,5,0
50,47,71.94,2,5,0
23,40,138.13,2,3,0
25,51,129.33,3,3,0
45,42,160.54,2,4,0
37,7,168.49,1,5,0
40,50,123.77,3,5,0
38,48,78.55,1,4,0
38,20,86.78,0,5,0
21,27,190.49,1,1,1
45,6,126.62,2,3,1
46,27,189.85,2,3,0
32,9,139.94,2,3,1
34,53,150.15,0,2,0
19,45,157.55,0,1,0
40,57,71.07,2,1,1
40,31,132.28,2,4,0
34,21,70.52,3,2,1
46,26,108.6,2,5,0
31,40,145.61,2,1,1
40,48,78.99,2,2,1
24,45,142.37,1,2,0
34,13,60.07,1,1,1
33,49,165.73,2,4,0
37,23,93.42,0,2,0
31,20,78.92,4,3,1
33,37,62.59,0,2,0
43,54,96.83,1,5,0
30,53,43.7,3,1,0
18,28,98.06,1,5,0
52,17,163.98,0,4,0
48,28,112.45,0,3,1
22,41,72.9,2,1,0
41,2,129.05,0,2,1
29,25,125.52,2,3,1
37,58,198.26,0,2,0
37,50,151.63,4,4,1
32,41,132.22,0,1,0
27,6,156.2,1,4,1
28,11,114.62,3,4,1
25,57,116.98,2,4,0
26,38,186.36,2,4,0
34,6,54.58,2,2,1
27,45,158.72,2,5,0
41,11,115.57,1,2,1
49,14,108.34,0,3,1
29,2,97.88,1,4,0
37,40,126.15,1,3,0
39,3,118.26,1,2,1
39,55,103.41,1,4,0
35,53,91.89,1,2,0
42,35,43.79,1,4,0
39,33,91.05,3,2,1
22,24,99.51,2,1,1
43,19,126.05,6,5,1
43,18,198.52,4,5,0
27,49,95.36,1,4,0
35,52,79.05,1,1,0
41,24,91.42,1,3,0
32,45,126.13,2,1,1
45,35,143.55,1,4,0
58,1,149.13,7,1,1
27,36,153.11,0,3,0
21,25,158.77,3,4,1
38,45,108.84,1,5,0
42,49,202.13,1,1,0
32,43,105.81,1,5,0
49,34,124.37,1,5,0
21,25,171.83,1,2,1
41,16,142.66,1,3,0
28,34,30.37,1,1,1
52,29,120.23,0,5,0
54,19,154.48,2,5,0
27,23,66.26,1,3,0
29,19,150.03,1,5,0
43,25,135.61,0,5,0
31,16,167.36,1,5,0
34,54,92.32,0,5,0
35,51,159.84,3,2,0
18,9,126.38,4,2,1
34,1,190.64,1,4,0
28,42,231.44,0,1,1
30,19,181.53,1,3,0
49,33,139.22,2,4,1
22,34,212.84,0,2,0
43,16,144.14,0,2,0
32,44,83.68,2,2,0
32,40,118.43,2,4,0
42,55,150.47,2,2,0
38,18,153.04,1,4,0
